Abtreibung,Schwangerschaftsabbruch,,,,,,,,,
ADHS,Aufmerksamkeitsdefizitsyndrom,Aufmerksamkeitsstörung,Konzentrationsstörung,Hyperaktivitätsstörung,,,,,,
Adoption,,,,,,,,,,
Adoptiveltern,,,,,,,,,,
Adoptivkind,,,,,,,,,,
Alkoholabhängigkeit,Alkoholsucht,Alkoholmissbrauch,Alkoholproblem,Alkoholkrankheit,Alkoholismus,Alkoholiker,,,,
alleinerziehend,partnerlos,alleinstehend,Ein-Eltern-Familie,alleinerziehende Mütter,alleinerziehende Väter,,,,,
Alphabetisierung,Alphabetisierungskurs,Integrationskurs,Schriftkompetenz,Schreibfähigkeit,Lesefähigkeit,,,,,
Angehörige,Verwandte,Ehegatten,Lebenspartner,Geschwister,,,,,,
Angststörung,,,,,,,,,,
Anti-Gewalt-Training,Anti-Aggressionstraining, Anti-Aggressivitäts-Training,AAT,Anti-Gewalttraining,,,,,,
arbeitslos,arbeitssuchend,Arbeitslosigkeit,auf Jobsuche,erwerbslos,,,,,,
Asthma,,,,,,,,,,
Aufenthaltsstatus,Aufenthaltserlaubnis,Aufenthaltsrecht,Aufenthaltsgenehmigung,Aufenthaltstitel,,,,,,
Ausbildungsplatz,Berufsausbildung,Ausbildung,berufliche Bildung,Berufsschule,Lehre,Lehrstelle,,,,
Auszubildende,Azubi,Lehrling,,,,,,,,
Autismus,,,,,,,,,,
Baby,Säugling,Neugeborenes,,,,,,,,
begleiteter Umgang,betreuter Umgang,Umgangsrecht,,,,,,,,
Behördengänge,Behörde,Amt,Verwaltung,,,,,,,
Berufsorientierung,Berufsberatung,Berufswahl,Berufswunsch,berufliche Perspektive,Berufsfindung,,,,,
betreutes Wohnen,Wohnheim,Wohngruppe,Einzelwohnen,stationäre Hilfe,Wohnen in betreuten Wohngemeinschaften ,ambulant betreutes Wohnen,therapeutischen Wohngemeinschaften,,,
Bewerbungstraining,Bewerbung,Bewerbungsgespräch,Vorstellungsgespräch,Assessment Center,Lebenslauf,,,,,
Beziehungsprobleme,Partnerschaftskonflikt,Ehekrise,Paarkonflikt,Beziehungsstress,Streit mit dem Freund,Streit mit der Freundin,,,,
Borderline,,,,,,,,,,
Computerspielsucht,Computersucht,Mediensucht,Videospiele,Computerspiele,WoW,Computerspielabhängigkeit,Videospielsucht ,Online-Rollenspiele,,
Depression,depressiv,depressive Phase,depressive Episode,depressive Störung,psychische Niedergeschlagenheit ,,,,,
Deutschkurs,Sprachkurs,Sprachunterricht,Deutsch als Fremdsprache,Integrationskurs,,,,,,
Diabetes,,,,,,,,,,
Diskriminierung,Benachteiligung,Herabwürdigung,Ungleichbehandlung,Anti-Diskriminierungsgesetz,,,,,,
Drogenberatung,Fixerstube,Drogenberatungsstelle,Suchthilfe,,,,,,,
Drogenentzug,Entzug,Drogensubstitution,Suchttherapie,,,,,,,
Drogensucht,Drogenabhängigkeit,drogensüchtig,Drogenabhängiger,Junkie,Abhängigkeit,Drogenmissbrauch,Fixer,,,
Eheberatung,Paarberatung,Partnerschaftsberatung,Paartherapie,,,,,,,
Entwicklungsstörung,Entwicklungsauffälligkeit,Sprachstörung,Bewegungsstörung,Verhaltensstörung,,,,,,
Erziehungsberatung,Beratung zur Erziehung,Beratung zum Umgang mit dem Kind,,,,,,,,
Erziehungshilfe,Hilfe zur Erziehung,Erziehungsbeistand,,,,,,,,
Erziehungsstelle,,,,,,,,,,
Familie,Familien,Angehörige,Verwandtschaft,,,,,,,
Familienberatung,Beratung für Familien,,,,,,,,,
Familiengericht,Gerichtsverhandlung,,,,,,,,,
Familienkonflikt,Streit in der Familie,Familienprobleme,,,,,,,,
Familienplanung,Kinderwunsch,,,,,,,,,
Familientherapie,Familienerhalt,Familienberatung,,,,,,,,
Familienzusammenführung,im Kontext von Migration & Flucht!,Wiedersehen der Familie,,,,,,,,
Fehlgeburt,Abgang,Ungeborenes verlieren,,,,,,,,
Flüchtlinge,Asylbewerber,Asylsuchender,Immigrant,,,,,,,
Förderunterricht,Nachhilfe,,,,,,,,,
Frauenhaus,Notunterkunft für Frauen,Zuflucht,,,,,,,,
Freigabe zur Adoption,,,,,,,,,,
Fremdunterbringung,,,,,,,,,,
Frühchen,Frühgeborenes,Neonatologie,Frühgeburt,,,,,,,
Frühgeburt,Frühgeborene,Frühchen,,,,,,,,
Geburt,Entbindung,,,,,,,,,
Geburtsvorbereitung,,,,,,,,,,
geistige Behinderung,,,,,,,,,,
Geldsorgen,finanzielle Unterstützung,Finanzproblemen,Finanzberatung,Finanzen,pleite,finanzielle Schwierigkeiten,,finanzielle Probleme,Geldschwierigkeiten,
Geschwister,Bruder,Schwester,,,,,,,,
Geschwister,,,,,,,,,,
gesunde Ernährung,Ernährung,Ernährungsberatung,,,,,,,,
Gesundheit,Wohlbefinden,,,,,,,,,
Gesundheitsberatung,medizinische Beratung,,,,,,,,,
Gewalt,Aggression,Gewalttat,Gewaltverbrechen,Körperverletzung,,,,,,
Gewaltprävention,Vorbeugen von Gewalt,,,,,,,,,
Grundschüler,,,,,,,,,,
Hausaufgabenhilfe,Hausaufgabenbetreuung,Nachhilfe,,,,,,,,
Haushaltshilfe,Hilfe beim Haushalt,,,,,,,,,
häusliche Gewalt,Gewalt an Frauen,sexuelle Gewalt,psychische Gewalt,,,,,,,
Heim,Wohnheim,Kinderheim,Heimerziehung,Heimunterbringung,geschlossene Heimunterbringung,Inobhutnahme,,,,
Hepatitis,,,,,,,,,,
HIV/AIDS,HIV-Infektion,HIV,AIDS,,,,,,,
Hochbegabung,Hochbegabte,Genies,,,,,,,,
Homophobie,,,,,,,,,,
Homosexualität,gleichgeschlechtlich,schwul,lesbisch,homosexuell,Lesben,Schwule,bisexuell,Bisexuelle,Transgender,queer
Hörgeschädigte,gehörlos,taub,schwerhörig,ertaubt,Gebärdensprache,Gehörlosigkeit,Taubheit,Schwerhörigkeit,Hörschädigung,
inhaftierte Jugendliche,Haft,Jugendstrafanstalt,,,,,,,,
Integration,,,,,,,,,,
Integrationskurs,Deutschkurs,Sprachkurs,,,,,,,,
Internetsucht,,,,,,,,,,
Islamismus,Ultranationalismus,Salafisten,,,,,,,,
Jobsuche,Jobvermittlung,,,,,,,,,
Jugendgerichtsgesetz,JGG,Maßnahmen nach dem JGG,,,,,,,,
Jugendgerichtshilfe,Jugendhilfe im Strafverfahren,,,,,,,,,
Jugendliche,Teenager,,,,,,,,,
jugendliche Straftäter,Straffälligkeit,Straftat,Straffälligenhilfe,Prozess,Gerichtsverfahren,Delinquenz,,,,
Jugendtreff,,,,,,,,,,
junge Eltern,,,,,,,,,,
Kältehilfe,,,,,,,,,,
Kinderbetreuung,,,,,,,,,,
Kindergartenkind,,,,,,,,,,
Kinderschutz,Kinderrechte,,,,,,,,,
Kindeswohl,Wohl des Kindes,,,,,,,,,
Kindeswohlgefährdung,Kindeswohl,,,,,,,,,
Kleinkind,Kleinkinder,Kleinstkind,,,,,,,,
körperliche Behinderung,,,,,,,,,,
Körperverletzung,,,,,,,,,,
Krebs,Tumor,Krebserkrankung,krebskrank,Metastasen,,,,,,
Krisendienst,Notdienst,,,,,,,,,
Krisenintervention,,,,,,,,,,
Kurden,kurdisch,,,,,,,,,
Legasthenie,Leserechtschreibschwäche,Lesestörung,LRS,,,,,,,
Lehrer,,,,,,,,,,
leibliche Eltern,Herkunftsfamilie,Herkunftseltern,,,,,,,,
Leistungsdiagnostik,,,,,,,,,,
Lernen,Bildung,,,,,,,,,
Lernschwierigkeiten,Lernprobleme,Lernschwäche,Leistungsversagen,,,,,,,
Lerntherapie,Lerntraining,,,,,,,,,
Magersucht,Anorexie,,,,,,,,,
Mediation,,,,,,,,,,
Medienkompetenz,Medienpädagogik,Medienkunde,Medienerziehung,,,,,,,
Medikamentensucht,Medikamentenmissbrauch,,,,,,,,,
medizinische Notversorgung,,,,,,,,,,
medizinische Untersuchung,,,,,,,,,,
Menschenhandel,,,,,,,,,,
Mentor,Buddy,,,,,,,,,
Migranten,Zuwanderer,Immigranten,Zugewanderte,Ausländer (?),Bisexuelle,,,,,
Missbrauch,sexuelle Gewalt,Kindesmissbrauch,Vergewaltigung,,,,,,,
Misshandlung,,,,,,,,,,
Mobbing,,,,,,,,,,
Mord,,,,,,,,,,
Muslime,,,,,,,,,,
Mutter und Kind,,,,,,,,,,
Nachbarschaftshilfe,Nachbarschaftsarbeit,,,,,,,,,
Nachhilfe,Abiturvorbereitung,Prüfungsvorbereitung,,,,,,,,
Notunterkunft,Notübernachtung,Schlafplatz,Notunterbringung,Notwohnung,,,,,,
nur für Frauen,Frau,,,,,,,,,
nur für Jungen,Jungen,Jungs,,,,,,,,
nur für Mädchen,,,,,,,,,,
nur für Männer,,,,,,,,,,
nur für Väter,,,,,,,,,,
obdachlos,wohnungslos,Wohnungslosigkeit,Wohnungsverlust,Wohnraumverlust,Obdachlosigkeit,Trebegang,,,,
Onlineberatung,,,,,,,,,,
Opferberatung,,,,,,,,,,
pädophil,Pädophilie,Pädophile Männer,Pädophiler,,,,,,,
Partnerschaftsberatung,,,,,,,,,,
Patchworkfamilie,Stiefeltern,Stiefkind,Stieffamilie,Stiefmutter,Stiefvater,Halbgeschwister,Halbbruder,Halbschwester,Regenbogenfamilie,
Patenschaft,Mentoring,,,,,,,,,
Pflegefamilie,Pflegeeltern,Pflegekind,familienanaloge Betreuung,familienanaloge Hilfe,,,,,,
Pflegekind,,,,,,,,,,
plötzlicher Kindstod,,,,,,,,,,
politische Bildung,,,,,,,,,,
Pornografie,Porno,Pornofilm,Kinderpornografie,Sexualstraftat,,,,,,
Pränataldiagnostik,pränataldiagnostische Untersuchung,Früherkennung,Ultraschall,,,,,,,
Prostitution,Prostituierte,Zuhälter,Sexarbeit,Zwangsprostitution,,,,,,
psychische Erkrankungen,psychische Probleme,psychische Krise,psychische Störung,seelische Behinderung,,,,,,
psychologische Diagnostik,psychologische Tests,,,,,,,,,
Psychotherapie und Beratung,psychologische Begleitung,psychologische Krisenberatung,psychologische Beratung,psychosoziale Beratung,,,,,,
Pubertät,,,,,,,,,,
Rassismus,Extremismus,Fremdenfeindlichkeit,Antiziganismus,Antisemitismus,Ausländerfeindlichkeit,,,,,
Rauchen,,,,,,,,,,
Rechenschwäche,Dyskalkulie,,,,,,,,,
Rechtsberatung,rechtliche Beratung,juristischer Beistand,juristische Beratung,,,,,,,
Rechtsextremismus,Faschismus,Nazismus,Fremdenfeindlichkeit,Rassismus,,,,,,
Regenbogenfamilie,,,,,,,,,,
Resozialisierung,Reintegration,Resozialisation,,,,,,,,
Risikoschwangerschaft,,,,,,,,,,
Roma,Sinti und Roma,,,,,,,,,
Scheidungsberatung,,,,,,,,,,
Scheidungskind,,,,,,,,,,
Schizophrenie,,,,,,,,,,
Schreibaby,,,,,,,,,,
Schulabschluss,Hauptschulabschluss,Realschulabschluss,Abitur,Mittlere Reife,qualifizierender Hauptschulabschluss,Fachhochschulreife,,,,
Schüler,Schulkind,,,,,,,,,
Schulprobleme,,,,,,,,,,
Schulsozialarbeit,schulbezogene Jugendarbeit,,,,,,,,,
Schulverweigerung,Schulschwänzen,Schuldistanziertes Verhalten,schuldistanzierte Jugendliche,Schulunlust,Schuldistanz,,,,,
Schwangerentreff,,,,,,,,,,
Schwangerschaft,schwanger,,,,,,,,,
Schwangerschaftsberatung,,,,,,,,,,
Schwangerschaftskonfliktberatung,Beratung zur Abtreibung,Beratung über Abtreibung,,,,,,,,
Selbsthilfegruppe,,,,,,,,,,
Selbstmord,Suizid,selbstmordgefährdet,suizidgefährdet,Freitod,Selbsttötung,Suizidalität,,,,
selbstverletzendes Verhalten,Autoaggression,Ritzen,autoaggressives Verhalten,Selbstschädigung,Selbstzerstörung,Gewalt gegen sich selbst,,,,
Selbstverteidigung,,,,,,,,,,
sexuell übertragbare Krankheiten,STD,Sexuell übertragbare Erkrankungen,Geschlechtskrankheiten,,,,,,,
sexuelle Aufklärung,Sexualpädagogik,Aufklärung,Aufklärungsunterricht,Sexualaufklärung,,,,,,
sexuelle Belästigung,,,,,,,,,,
sexuelle Gewalt,Sexualisierte Gewalt,Sexueller Missbrauch,Sexueller Übergriff,Sexualverbrechen,Sexuelle Ausbeutung,sexuelle Misshandlung,Inzest,sexuelle Belästigung,sexuelle Nötigung,
sexuelle Nötigung,,,,,,,,,,
sicher im Internet,Medienkompetenz,,,,,,,,,
Sorgerecht,elterliche Sorge,,,,,,,,,
Sorgerechtsentzug,,,,,,,,,,
Sozialberatung,soziale Beratung,,,,,,,,,
Sprachförderung,,,,,,,,,,
Stalking,Verfolgung,,,,,,,,,
starke Mädchen,Gender,Gleichberechtigung,Diversity,,,,,,,
stationäre Unterbringung,stationäre Hilfe,familienersetzende Hilfe,,,,,,,,
Straßenkind,Kinder auf der Straße,Kinder der Straße,Straßenjugendliche,obdachlose Kinder,obdachlose Jugendliche,Treber,,,,
Streetwork,Mobile Jugendarbeit,Straßensozialarbeit,aufsuchende Sozialarbeit,,,,,,,
Streit schlichten,,,,,,,,,,
Suchtberatung,Sucht,Abhängigkeit,abhängig,Abhängiger,,,,,,
Syphilis,,,,,,,,,,
Teeniemutter,Teeniemama,Minderjährige Mutter,,,,,,,,
Tod,Sterben,Todesfall,,,,,,,,
Trauer,Kummer,,,,,,,,,
Trauma,Psychotrauma,Traumatisierung,posttraumatische Belastung,traumatisiert,Posttraumatische Belastungsstörung,,,,,
Trennung und Scheidung,Trennung,Scheidung,Ehescheidung,Familienerhalt,,,,,,
Türken,,,,,,,,,,
Übergangswohnen,Krisenwohnung,,,,,,,,,
Umgangsregelung,,,,,,,,,,
ungewollte Schwangerschaft,ungeplante Schwangerschaft,unerwünschte Schwangerschaft,,,,,,,,
Vergewaltigung,(sexueller) Missbrauch,,,,,,,,,
Verhaltensauffälligkeit,Verhaltensschwierigkeit,Störung des Sozialverhaltens,,,,,,,,
Verhütung,Empfängnisverhütung,Safer Sex,Antibabypille,Kondom,Pille,,,,,
Verlust eines Angehörigen,,,,,,,,,,
Verlust eines Elternteils,,,,,,,,,,
Verlust eines Kindes,,,,,,,,,,
Vernachlässigung,Verwahrlosung,,,,,,,,,
Verurteilung,,,,,,,,,,
verwitwet,Witwe,Witwer,,,,,,,,
Vormund,Vormundschaft,Amtsvormund,,,,,,,,
Vorschulkind,Vorschulkinder,,,,,,,,,
Waisen,Halbwaise,Vollwaise,Waisenkinder,,,,,,,
Werkpädagogik,,,,,,,,,,
Wochenbettdepression,Wochenbett,Babyblues,Postnatale Depression,Postpartale Depression,,,,,,
Wohnen,Wohnung,,,,,,,,,
Wohnungssuche,,,,,,,,,,
Zwangsheirat,Zwangsverheiratung,,,,,,,,,
Zwillinge und Mehrlinge,,,,,,,,,,
